,PlayerID,LastName,FirstName,Bats,Pitches,Team,Position
0,adelj001,Adell,Jo,R,R,ANA,OF
1,andrm001,Andriese,Matt,R,R,ANA,P
2,bardl001,Bard,Luke,R,R,ANA,P
3,barnj002,Barnes,Jacob,R,R,ANA,P
4,barrf001,Barreto,Franklin,R,R,ANA,SS
5,barrj003,Barria,Jaime,R,R,ANA,P
6,bedrc001,Bedrosian,Cam,R,R,ANA,P
7,bemba001,Bemboom,Anthony,L,R,ANA,C
8,bricj001,Briceno,Jose,R,R,ANA,C
9,buchr001,Buchter,Ryan,L,L,ANA,P
10,bundd001,Bundy,Dylan,B,R,ANA,P
11,buttt001,Buttrey,Ty,L,R,ANA,P
12,canng001,Canning,Griffin,R,R,ANA,P
13,castj006,Castro,Jason,L,R,ANA,C
14,fletd002,Fletcher,David,R,R,ANA,SS
15,goodb001,Goodwin,Brian,L,R,ANA,OF
16,heana001,Heaney,Andrew,L,L,ANA,P
17,hermm001,Hermosillo,Michael,R,R,ANA,OF
18,jonej007,Jones,Jahmai,R,R,ANA,2B
19,kellk003,Keller,Kyle,R,R,ANA,P
20,lastt001,La Stella,Tommy,L,R,ANA,2B
21,mayem001,Mayers,Mike,R,R,ANA,P
22,middk001,Middleton,Keynan,R,R,ANA,P
23,milnh001,Milner,Hoby,L,L,ANA,P
24,ohtas001,Ohtani,Shohei,L,R,ANA,P
25,penaf002,Pena,Felix,R,R,ANA,P
26,peted001,Peters,Dillon,L,L,ANA,P
27,pujoa001,Pujols,Albert,R,R,ANA,1B
28,quijj001,Quijada,Jose,L,L,ANA,P
29,ramin002,Ramirez,Noe,R,R,ANA,P
30,renda001,Rendon,Anthony,R,R,ANA,2B
31,rengl001,Rengifo,Luis,B,R,ANA,2B
32,roblh001,Robles,Hansel,R,R,ANA,P
33,rodrj006,Rodriguez,Jose,R,R,ANA,P
34,sandp002,Sandoval,Patrick,L,L,ANA,P
35,simma001,Simmons,Andrelton,R,R,ANA,SS
36,sotoe001,Soto,Elliot,R,R,ANA,SS
37,stasm001,Stassi,Max,R,R,ANA,C
38,suarj001,Suarez,Jose,L,L,ANA,P
39,tehej001,Teheran,Julio,R,R,ANA,P
40,thaim001,Thaiss,Matt,L,R,ANA,1B
41,troum001,Trout,Mike,R,R,ANA,OF
42,uptoj001,Upton,Justin,R,R,ANA,OF
43,walsj001,Walsh,Jared,L,L,ANA,OF
44,wardt002,Ward,Taylor,R,R,ANA,3B
0,ahmen001,Ahmed,Nick,R,R,ARI,SS
1,beasj001,Beasley,Jeremy,R,R,ARI,P
2,bergt001,Bergen,Travis,L,L,ARI,P
3,bracs001,Bracho,Silvino,R,R,ARI,P
4,brada001,Bradley,Archie,R,R,ARI,P
5,bumgm001,Bumgarner,Madison,R,L,ARI,P
6,calhk001,Calhoun,Kole,L,L,ARI,OF
7,chafa001,Chafin,Andrew,R,L,ARI,P
8,clart003,Clarke,Taylor,R,R,ARI,P
9,crics001,Crichton,Stefan,R,R,ARI,P
10,cronk001,Cron,Kevin,R,R,ARI,1B
11,varsd001,Varsho,Daulton,L,R,ARI,C
12,escoe001,Escobar,Eduardo,B,R,ARI,SS
13,gallz001,Gallen,Zac,R,R,ARI,P
14,ginkk001,Ginkel,Kevin,L,R,ARI,P
15,gracm003,Grace,Matt,L,L,ARI,P
16,guerj003,Guerra,Junior,R,R,ARI,P
17,jay-j001,Jay,Jon,L,L,ARI,OF
18,kellc002,Kelly,Carson,R,R,ARI,C
19,kellm002,Kelly,Merrill,R,R,ARI,P
20,lambj001,Lamb,Jake,L,R,ARI,3B
21,lewia001,Lewicki,Artie,R,R,ARI,P
22,locat001,Locastro,Tim,R,R,ARI,2B
23,lopey001,Lopez,Yoan,R,R,ARI,P
24,mantj002,Mantiply,Joe,R,L,ARI,P
25,martk001,Marte,Ketel,B,R,ARI,SS
26,marts002,Marte,Starling,R,R,ARI,OF
27,mathw001,Mathisen,Wyatt,R,R,ARI,3B
28,mellk001,Mella,Keury,R,R,ARI,P
29,perad001,Peralta,David,L,L,ARI,OF
30,payaj001,Payamps,Joel,R,R,ARI,P
31,ray-r002,Ray,Robbie,L,L,ARI,P
32,rojaj001,Rojas,Josh,L,R,ARI,3B
33,rondh001,Rondon,Hector,R,R,ARI,P
34,smitc006,Smith,Caleb,R,L,ARI,P
35,smitp002,Smith,Pavin,L,L,ARI,OF
36,smitr005,Smith,Riley,R,R,ARI,P
37,vanmj001,VanMeter,Josh,L,R,ARI,2B
38,vargi001,Vargas,Ildemaro,B,R,ARI,2B
39,vogts001,Vogt,Stephen,L,R,ARI,C
40,walkc002,Walker,Christian,R,R,ARI,1B
41,weavl001,Weaver,Luke,R,R,ARI,P
42,widet001,Widener,Taylor,L,R,ARI,P
43,youna002,Young,Alex,L,L,ARI,P
44,youna003,Young,Andy,R,R,ARI,2B
0,acunr001,Acuna,Ronald,R,R,ATL,OF
1,adamm002,Adams,Matt,L,R,ATL,1B
2,albio001,Albies,Ozzie,B,R,ATL,2B
3,andei001,Anderson,Ian,R,R,ATL,P
4,camaj001,Camargo,Johan,B,R,ATL,SS
5,chacj001,Chacin,Jhoulys,R,R,ATL,P
6,contw002,Contreras,William,R,R,ATL,C
7,culbc001,Culberson,Charlie,R,R,ATL,3B
8,davit005,Davidson,Tucker,L,L,ATL,P
9,daytg001,Dayton,Grant,L,L,ATL,P
10,duvaa001,Duvall,Adam,R,R,ATL,OF
11,erlir001,Erlin,Robbie,R,L,ATL,P
12,flowt001,Flowers,Tyler,R,R,ATL,C
13,foltm001,Foltynewicz,Mike,R,R,ATL,P
14,freef001,Freeman,Freddie,L,R,ATL,1B
15,friem001,Fried,Max,L,L,ATL,P
16,grees005,Greene,Shane,R,R,ATL,P
17,hamec001,Hamels,Cole,L,L,ATL,P
18,hecha001,Hechavarria,Adeiny,R,R,ATL,SS
19,incie001,Inciarte,Ender,L,L,ATL,OF
20,jacka002,Jackson,Alex,R,R,ATL,C
21,jackl001,Jackson,Luke,R,R,ATL,P
22,markn001,Markakis,Nick,L,L,ATL,OF
23,martc007,Martin,Chris,R,R,ATL,P
24,matzt001,Matzek,Tyler,L,L,ATL,P
25,melam001,Melancon,Mark,R,R,ATL,P
26,milot001,Milone,Tommy,L,L,ATL,P
27,minta001,Minter,A.J.,L,L,ATL,P
28,newcs001,Newcomb,Sean,L,L,ATL,P
29,odayd001,O'Day,Darren,R,R,ATL,P
30,ozunm001,Ozuna,Marcell,R,R,ATL,OF
31,pachc001,Pache,Cristian,R,R,ATL,OF
32,rilea001,Riley,Austin,R,R,ATL,3B
33,rusic001,Rusin,Chris,L,L,ATL,P
34,sandp001,Sandoval,Pablo,B,R,ATL,3B
35,sches001,Schebler,Scott,L,R,ATL,OF
36,smitw002,Smith,Will,R,L,ATL,P
37,soboc001,Sobotka,Chad,R,R,ATL,P
38,sorom001,Soroka,Mike,R,R,ATL,P
39,swand001,Swanson,Dansby,R,R,ATL,SS
40,tomlj001,Tomlin,Josh,R,R,ATL,P
41,toust001,Toussaint,Touki,R,R,ATL,P
42,webbj002,Webb,Jacob,R,R,ATL,P
43,weigp001,Weigel,Patrick,R,R,ATL,P
44,wilsb003,Wilson,Bryse,R,R,ATL,P
45,wrigk001,Wright,Kyle,R,R,ATL,P
46,ynoah001,Ynoa,Huascar,R,R,ATL,P
47,darnt001,d'Arnaud,Travis,R,R,ATL,C
0,akink001,Akin,Keegan,L,L,BAL,P
1,albeh001,Alberto,Hanser,R,R,BAL,2B
2,armss001,Armstrong,Shawn,R,R,BAL,P
3,bleir001,Bleier,Richard,L,L,BAL,P
4,carrc004,Carroll,Cody,R,R,BAL,P
5,castm002,Castro,Miguel,R,R,BAL,P
6,cobba001,Cobb,Alex,R,R,BAL,P
7,davic003,Davis,Chris,L,R,BAL,1B
8,eshet001,Eshelman,Thomas,R,R,BAL,P
9,fry-p001,Fry,Paul,L,L,BAL,P
10,fulmc001,Fulmer,Carson,R,R,BAL,P
11,givem001,Givens,Mychal,R,R,BAL,P
12,harvh001,Harvey,Hunter,R,R,BAL,P
13,haysa001,Hays,Austin,R,R,BAL,OF
14,herrd002,Herrera,Dilson,R,R,BAL,2B
15,hessd001,Hess,David,R,R,BAL,P
16,holab001,Holaday,Bryan,R,R,BAL,C
17,iglej001,Iglesias,Jose,R,R,BAL,SS
18,klinb001,Kline,Branden,R,R,BAL,P
19,kremd001,Kremer,Dean,R,R,BAL,P
20,lakit001,Lakins,Travis,R,R,BAL,P
21,leblw001,LeBlanc,Wade,L,L,BAL,P
22,lopej004,Lopez,Jorge,R,R,BAL,P
23,meanj001,Means,John,L,L,BAL,P
24,milot001,Milone,Tommy,L,L,BAL,P
25,mounr001,Mountcastle,Ryan,R,R,BAL,1B
26,mullc002,Mullins,Cedric,B,L,BAL,OF
27,nuner001,Nunez,Renato,R,R,BAL,3B
28,phile001,Phillips,Evan,R,R,BAL,P
29,ruizr002,Ruiz,Rio,L,R,BAL,3B
30,santa003,Santander,Anthony,B,R,BAL,OF
31,scott003,Scott,Tanner,R,L,BAL,P
32,sevep001,Severino,Pedro,R,R,BAL,C
33,siscc001,Sisco,Chance,L,R,BAL,C
34,smitd007,Smith,Dwight,L,R,BAL,OF
35,stewd002,Stewart,DJ,L,R,BAL,OF
36,sulsc001,Sulser,Cole,R,R,BAL,P
37,tated001,Tate,Dillon,R,R,BAL,P
38,uriar001,Urias,Ramon,R,R,BAL,2B
39,valap001,Valaika,Pat,R,R,BAL,SS
40,valdc003,Valdez,Cesar,R,R,BAL,P
41,velaa001,Velazquez,Andrew,B,R,BAL,SS
42,willm007,Williams,Mason,L,R,BAL,OF
43,wojca001,Wojciechowski,Asher,R,R,BAL,P
44,zimmb002,Zimmermann,Bruce,L,L,BAL,P
0,arauj001,Arauz,Jonathan,B,R,BOS,SS
1,arroc001,Arroyo,Christian,R,R,BOS,3B
2,barnm001,Barnes,Matt,R,R,BOS,P
3,benia002,Benintendi,Andrew,L,L,BOS,LF
4,bogax001,Bogaerts,Xander,R,R,BOS,SS
5,bradj001,Bradley,Jackie,L,R,BOS,OF
6,brasr001,Brasier,Ryan,R,R,BOS,P
7,brewc002,Brewer,Colten,R,R,BOS,P
8,brica001,Brice,Austin,R,R,BOS,P
9,chavm001,Chavis,Michael,R,R,BOS,3B
10,coved001,Covey,Dylan,R,R,BOS,P
11,dalbb001,Dalbec,Bobby,R,R,BOS,1B
12,dever001,Devers,Rafael,L,R,BOS,3B
13,eovan001,Eovaldi,Nathan,R,R,BOS,P
14,godlz001,Godley,Zack,R,R,BOS,P
15,gruld001,Grullon,Deivy,R,R,BOS,C
16,hallm002,Hall,Matt,L,L,BOS,P
17,hartk002,Hart,Kyle,L,L,BOS,P
18,hembh001,Hembree,Heath,R,R,BOS,P
19,hernd004,Hernandez,Darwinzon,L,L,BOS,P
20,houct001,Houck,Tanner,R,R,BOS,P
21,kickm001,Kickham,Mike,L,L,BOS,P
22,leyer001,Leyer,Robinson,R,R,BOS,P
23,lin-t001,Lin,Tzu-Wei,L,R,BOS,SS
24,lucrj001,Lucroy,Jonathan,R,R,BOS,C
25,martj006,Martinez,J.D.,R,R,BOS,OF
26,mazzc002,Mazza,Chris,R,R,BOS,P
27,morem001,Moreland,Mitch,L,L,BOS,1B
28,munoy001,Munoz,Yairo,R,R,BOS,SS
29,osicj001,Osich,Josh,L,L,BOS,P
30,peraj003,Peraza,Jose,R,R,BOS,2B
31,perem004,Perez,Martin,L,L,BOS,P
32,piven001,Pivetta,Nick,R,R,BOS,P
33,pillk001,Pillar,Kevin,R,R,BOS,OF
34,plawk001,Plawecki,Kevin,R,R,BOS,C
35,puelc001,Puello,Cesar,R,R,BOS,OF
36,sprij001,Springs,Jeffrey,L,L,BOS,P
37,stocr001,Stock,Robert,L,R,BOS,P
38,tapid001,Tapia,Domingo,R,R,BOS,P
39,taylj001,Taylor,Josh,L,L,BOS,P
40,triga001,Triggs,Andrew,R,R,BOS,P
41,valdp002,Valdez,Phillips,R,R,BOS,P
42,vazqc001,Vazquez,Christian,R,R,BOS,C
43,verda001,Verdugo,Alex,L,L,BOS,OF
44,waldm002,Walden,Marcus,R,R,BOS,P
45,weber001,Weber,Ryan,R,R,BOS,P
46,workb001,Workman,Brandon,R,R,BOS,P
0,abrej003,Abreu,Jose,R,R,CHA,1B
1,anded003,Anderson,Drew,R,R,CHA,P
2,andet001,Anderson,Tim,R,R,CHA,SS
3,bumma001,Bummer,Aaron,L,L,CHA,P
4,burdz001,Burdi,Zack,R,R,CHA,P
5,ceasd001,Cease,Dylan,R,R,CHA,P
6,cishs001,Cishek,Steve,R,R,CHA,P
7,collz001,Collins,Zack,L,R,CHA,C
8,coloa001,Colome,Alex,R,R,CHA,P
9,cordj001,Cordero,Jimmy,R,R,CHA,P
10,crocg001,Crochet,Garrett,L,L,CHA,P
11,cuthc001,Cuthbert,Cheslor,R,R,CHA,3B
12,delmn001,Delmonico,Nicky,L,R,CHA,3B
13,detwr001,Detwiler,Ross,R,L,CHA,P
14,dunnd001,Dunning,Dane,R,R,CHA,P
15,dysoj001,Dyson,Jarrod,L,R,CHA,OF
16,encae001,Encarnacion,Edwin,R,R,CHA,DH
17,engea001,Engel,Adam,R,R,CHA,OF
18,florb002,Flores,Bernardo,L,L,CHA,P
19,fostm001,Foster,Matt,R,R,CHA,P
20,fry-j001,Fry,Jace,L,L,CHA,P
21,garcl004,Garcia,Leury,B,R,CHA,OF
22,gioll001,Giolito,Lucas,R,R,CHA,P
23,goinr001,Goins,Ryan,L,R,CHA,2B
24,gonzg003,Gonzalez,Gio,R,L,CHA,P
25,gonzl005,Gonzalez,Luis,L,L,CHA,OF
26,grany001,Grandal,Yasmani,B,R,CHA,C
27,hamii001,Hamilton,Ian,R,R,CHA,P
28,herrk001,Herrera,Kelvin,R,R,CHA,P
29,heuec001,Heuer,Codi,R,R,CHA,P
30,jimee001,Jimenez,Eloy,R,R,CHA,OF
31,keucd001,Keuchel,Dallas,L,L,CHA,P
32,lailb001,Lail,Brady,R,R,CHA,P
33,lambj003,Lambert,Jimmy,R,R,CHA,P
34,loper003,Lopez,Reynaldo,R,R,CHA,P
35,madrn001,Madrigal,Nick,R,R,CHA,2B
36,marse001,Marshall,Evan,R,R,CHA,P
37,mazan001,Mazara,Nomar,L,L,CHA,OF
38,mccaj001,McCann,James,R,R,CHA,C
39,mcraa001,McRae,Alex,R,R,CHA,P
40,mendd002,Mendick,Danny,R,R,CHA,SS
41,mercy001,Mercedes,Yermin,R,R,CHA,C
42,moncy001,Moncada,Yoan,B,R,CHA,3B
43,robel002,Robert,Luis,R,R,CHA,OF
44,rodoc001,Rodon,Carlos,L,L,CHA,P
45,ruizj001,Ruiz,Jose,R,R,CHA,P
46,sancc001,Sanchez,Yolmer,B,R,CHA,2B
47,stiej001,Stiever,Jonathan,R,R,CHA,P
0,adamj002,Adam,Jason,R,R,CHN,P
1,almoa002,Almora,Albert,R,R,CHN,OF
2,alzoa001,Alzolay,Adbert,R,R,CHN,P
3,baezj001,Baez,Javier,R,R,CHN,2B
4,boted002,Bote,David,R,R,CHN,2B
5,brotr001,Brothers,Rex,L,L,CHN,P
6,bryak001,Bryant,Kris,R,R,CHN,3B
7,carav001,Caratini,Victor,B,R,CHN,C
8,chafa001,Chafin,Andrew,R,L,CHN,P
9,chatt001,Chatwood,Tyler,R,R,CHN,P
10,contw001,Contreras,Willson,R,R,CHN,C
11,darvy001,Darvish,Yu,R,R,CHN,P
12,dermm001,Dermody,Matt,R,L,CHN,P
13,hamib001,Hamilton,Billy,B,R,CHN,OF
14,happi001,Happ,Ian,B,R,CHN,2B
15,hendk001,Hendricks,Kyle,R,R,CHN,P
16,heywj001,Heyward,Jason,L,L,CHN,OF
17,hoern001,Hoerner,Nico,R,R,CHN,SS
18,jeffj001,Jeffress,Jeremy,R,R,CHN,P
19,kimbc001,Kimbrel,Craig,R,R,CHN,P
20,kipnj001,Kipnis,Jason,L,R,CHN,2B
21,lestj001,Lester,Jon,L,L,CHN,P
22,mapld001,Maples,Dillon,R,R,CHN,P
23,martj008,Martinez,Jose,R,R,CHN,OF
24,marqb001,Marquez,Brailyn,L,L,CHN,P
25,maybc001,Maybin,Cameron,R,R,CHN,OF
26,milli001,Miller,Ian,L,R,CHN,OF
27,millt003,Miller,Tyson,R,R,CHN,P
28,milla003,Mills,Alec,R,R,CHN,P
29,norwj001,Norwood,James,R,R,CHN,P
30,osicj001,Osich,Josh,L,L,CHN,P
31,pereh001,Perez,Hernan,R,R,CHN,3B
32,phegj001,Phegley,Josh,R,R,CHN,C
33,quinj001,Quintana,Jose,R,L,CHN,P
34,rea-c001,Rea,Colin,R,R,CHN,P
35,rizza001,Rizzo,Anthony,L,L,CHN,1B
36,ryank002,Ryan,Kyle,L,L,CHN,P
37,sadlc002,Sadler,Casey,R,R,CHN,P
38,schwk001,Schwarber,Kyle,L,R,CHN,OF
39,souzs001,Souza,Steven,R,R,CHN,OF
40,teper001,Tepera,Ryan,R,R,CHN,P
41,unded001,Underwood,Duane,R,R,CHN,P
42,vargi001,Vargas,Ildemaro,B,R,CHN,2B
43,wickr001,Wick,Rowan,L,R,CHN,P
44,wiecb001,Wieck,Brad,L,L,CHN,P
45,winkd001,Winkler,Dan,R,R,CHN,P
46,wisdp001,Wisdom,Patrick,R,R,CHN,3B
0,akiys001,Akiyama,Shogo,L,R,CIN,OF
1,antot001,Antone,Tejay,R,R,CIN,P
2,aquia001,Aquino,Aristides,R,R,CIN,OF
3,barnt001,Barnhart,Tucker,L,R,CIN,C
4,bauet001,Bauer,Trevor,R,R,CIN,P
5,biddj001,Biddle,Jesse,L,L,CIN,P
6,brada001,Bradley,Archie,R,R,CIN,P
7,casac001,Casali,Curt,R,R,CIN,C
8,castn001,Castellanos,Nick,R,R,CIN,3B
9,castl003,Castillo,Luis,R,R,CIN,P
10,coloc002,Colon,Christian,R,R,CIN,SS
11,davim005,Davidson,Matt,R,R,CIN,3B
12,delej003,De Leon,Jose,R,R,CIN,P
13,desca001,DeSclafani,Anthony,R,R,CIN,P
14,ervip001,Ervin,Phillip,R,R,CIN,OF
15,farmk001,Farmer,Kyle,R,R,CIN,C
16,galvf001,Galvis,Freddy,B,R,CIN,SS
17,garcj007,Garcia,Jose,R,R,CIN,SS
18,garra001,Garrett,Amir,R,L,CIN,P
19,goodb001,Goodwin,Brian,L,R,CIN,OF
20,grays001,Gray,Sonny,R,R,CIN,P
21,igler001,Iglesias,Raisel,R,R,CIN,P
22,jankt001,Jankowski,Travis,L,R,CIN,OF
23,jonen001,Jones,Nate,R,R,CIN,P
24,kuhnj001,Kuhnel,Joel,R,R,CIN,P
25,lorem002,Lorenzen,Michael,R,R,CIN,P
26,mahlt001,Mahle,Tyler,R,R,CIN,P
27,milew001,Miley,Wade,L,L,CIN,P
28,mousm001,Moustakas,Mike,L,R,CIN,3B
29,paytm001,Payton,Mark,L,L,CIN,OF
30,raleb001,Raley,Brooks,L,L,CIN,P
31,reedc002,Reed,Cody,L,L,CIN,P
32,romas001,Romano,Sal,L,R,CIN,P
33,senzn001,Senzel,Nick,R,R,CIN,OF
34,simsl001,Sims,Lucas,R,R,CIN,P
35,stepr002,Stephenson,Robert,R,R,CIN,P
36,stept001,Stephenson,Tyler,R,R,CIN,C
37,strop001,Strop,Pedro,R,R,CIN,P
38,suare001,Suarez,Eugenio,R,R,CIN,SS
39,thort001,Thornburg,Tyler,R,R,CIN,P
40,vanmj001,VanMeter,Josh,L,R,CIN,2B
41,vottj001,Votto,Joey,L,R,CIN,1B
42,winkj002,Winker,Jesse,L,L,CIN,OF
0,alleg002,Allen,Greg,B,R,CLE,OF
1,allel002,Allen,Logan,R,L,CLE,P
2,arroc001,Arroyo,Christian,R,R,CLE,3B
3,biebs001,Bieber,Shane,R,R,CLE,P
4,carrc003,Carrasco,Carlos,R,R,CLE,P
5,chany001,Chang,Yu,R,R,CLE,SS
6,cimba001,Cimber,Adam,R,R,CLE,P
7,civaa001,Civale,Aaron,R,R,CLE,P
8,clevm001,Clevinger,Mike,R,R,CLE,P
9,deshd002,DeShields,Delino,R,R,CLE,OF
10,freem002,Freeman,Mike,L,R,CLE,1B
11,handb001,Hand,Brad,L,L,CLE,P
12,hedga001,Hedges,Austin,R,R,CLE,C
13,hernc005,Hernandez,Cesar,B,R,CLE,2B
14,hillc001,Hill,Cam,R,R,CLE,P
15,johnd006,Johnson,Daniel,L,L,CLE,OF
16,karij001,Karinchak,James,R,R,CLE,P
17,leons001,Leon,Sandy,B,R,CLE,C
18,leond003,Leone,Dominic,R,R,CLE,P
19,lindf001,Lindor,Francisco,B,R,CLE,SS
20,luplj001,Luplow,Jordan,R,R,CLE,OF
21,matop002,Maton,Phil,R,R,CLE,P
22,mcket001,McKenzie,Triston,R,R,CLE,P
23,merco003,Mercado,Oscar,R,R,CLE,OF
24,naqut001,Naquin,Tyler,L,R,CLE,OF
25,naylj001,Naylor,Josh,L,L,CLE,OF
26,nelsk001,Nelson,Kyle,L,L,CLE,P
27,pereo002,Perez,Oliver,L,L,CLE,P
28,perer003,Perez,Roberto,R,R,CLE,C
29,plesz001,Plesac,Zach,R,R,CLE,P
30,pluta001,Plutko,Adam,R,R,CLE,P
31,quanc001,Quantrill,Cal,L,R,CLE,P
32,ramij003,Ramirez,Jose,B,R,CLE,P
33,reyef001,Reyes,Franmil,R,R,CLE,OF
34,santc002,Santana,Carlos,B,R,CLE,1B
35,santd002,Santana,Domingo,R,R,CLE,OF
36,taylb003,Taylor,Beau,L,R,CLE,C
37,wittn001,Wittgren,Nick,R,R,CLE,P
38,zimmb001,Zimmer,Bradley,L,R,CLE,OF
0,almoy001,Almonte,Yency,B,R,COL,P
1,arenn001,Arenado,Nolan,R,R,COL,3B
2,bardd001,Bard,Daniel,R,R,COL,P
3,blacc001,Blackmon,Charlie,L,L,COL,OF
4,buted001,Butera,Drew,R,R,COL,C
5,castr005,Castellani,Ryan,R,R,COL,P
6,dahld001,Dahl,David,L,R,COL,OF
7,daviw001,Davis,Wade,R,R,COL,P
8,diaze005,Diaz,Elias,R,R,COL,C
9,diazj006,Diaz,Jairo,R,R,COL,P
10,diehp001,Diehl,Phillip,L,L,COL,P
11,doylt001,Doyle,Tommy,R,R,COL,P
12,estec001,Estevez,Carlos,R,R,COL,P
13,freek001,Freeland,Kyle,L,L,COL,P
14,fuenj001,Fuentes,Josh,R,R,COL,3B
15,givem001,Givens,Mychal,R,R,COL,P
16,gonzc002,Gonzalez,Chi Chi,R,R,COL,P
17,gouda001,Goudeau,Ashton,R,R,COL,P
18,grayj003,Gray,Jon,R,R,COL,P
19,hampg001,Hampson,Garrett,R,R,COL,SS
20,harvj001,Harvey,Joe,R,R,COL,P
21,hills005,Hilliard,Sam,L,L,COL,OF
22,hoffj003,Hoffman,Jeff,R,R,COL,P
23,kempm001,Kemp,Matt,R,R,COL,OF
24,kinlt001,Kinley,Tyler,R,R,COL,P
25,marqg001,Marquez,German,R,R,COL,P
26,mcmar001,McMahon,Ryan,L,R,COL,3B
27,mujij001,Mujica,Jose,R,R,COL,P
28,murpd006,Murphy,Daniel,L,R,COL,2B
29,owinc001,Owings,Chris,R,R,COL,2B
30,pazoj001,Pazos,James,R,L,COL,P
31,pillk001,Pillar,Kevin,R,R,COL,OF
32,ramoa001,Ramos,A.J.,R,R,COL,P
33,rodgb002,Rodgers,Brendan,R,R,COL,SS
34,santa004,Santos,Antonio,R,R,COL,P
35,senza001,Senzatela,Antonio,R,R,COL,P
36,stort001,Story,Trevor,R,R,COL,SS
37,tapir001,Tapia,Raimel,L,L,COL,OF
38,tinoj001,Tinoco,Jesus,R,R,COL,P
39,woltt001,Wolters,Tony,L,R,COL,C
0,alcas002,Alcantara,Sergio,B,R,DET,SS
1,alext001,Alexander,Tyler,R,L,DET,P
2,bonij002,Bonifacio,Jorge,R,R,DET,OF
3,boydm001,Boyd,Matthew,L,L,DET,P
4,burrb002,Burrows,Beau,R,R,DET,P
5,cabrm001,Cabrera,Miguel,R,R,DET,1B
6,camed001,Cameron,Daz,R,R,DET,OF
7,candj002,Candelario,Jeimer,B,R,DET,3B
8,casth001,Castro,Harold,L,R,DET,3B
9,casta005,Castro,Anthony,R,R,DET,P
10,castw003,Castro,Willi,B,R,DET,SS
11,cisnj001,Cisnero,Jose,R,R,DET,P
12,cronc002,Cron,C.J.,R,R,DET,1B
13,demet001,Demeritte,Travis,R,R,DET,OF
14,dixob001,Dixon,Brandon,R,R,DET,OF
15,farmb001,Farmer,Buck,L,R,DET,P
16,fulmm001,Fulmer,Michael,R,R,DET,P
17,fulmc001,Fulmer,Carson,R,R,DET,P
18,funkk001,Funkhouser,Kyle,R,R,DET,P
19,garcb001,Garcia,Bryan,R,R,DET,P
20,garcr007,Garcia,Rony,R,R,DET,P
21,goodn002,Goodrum,Niko,B,R,DET,OF
22,greig001,Greiner,Grayson,R,R,DET,C
23,haase001,Haase,Eric,R,R,DET,C
24,hilld002,Hill,Derek,R,R,DET,OF
25,jimej003,Jimenez,Joe,R,R,DET,P
26,jonej006,Jones,JaCoby,R,R,DET,3B
27,lugod001,Lugo,Dawel,R,R,DET,2B
28,maybc001,Maybin,Cameron,R,R,DET,OF
29,mckad001,McKay,David,R,R,DET,P
30,mercj002,Mercer,Jordy,R,R,DET,SS
31,mizec001,Mize,Casey,R,R,DET,P
32,norrd002,Norris,Daniel,L,L,DET,P
33,novai001,Nova,Ivan,R,R,DET,P
34,parei001,Paredes,Isaac,R,R,DET,3B
35,ramin003,Ramirez,Nick,L,L,DET,P
36,reyev001,Reyes,Victor,B,R,DET,OF
37,romia002,Romine,Austin,R,R,DET,C
38,schoj001,Schoop,Jonathan,R,R,DET,2B
39,schrj001,Schreiber,John,R,R,DET,P
40,sotog003,Soto,Gregory,L,L,DET,P
41,skubt001,Skubal,Tarik,L,L,DET,P
42,stewc002,Stewart,Christin,L,R,DET,OF
43,turns003,Turnbull,Spencer,R,R,DET,P
44,zimmj003,Zimmermann,Jordan,R,R,DET,P
0,abreb002,Abreu,Bryan,R,R,HOU,P
1,altuj001,Altuve,Jose,R,R,HOU,2B
2,alvay001,Alvarez,Yordan,L,R,HOU,1B
3,bailb002,Bailey,Brandon,R,R,HOU,P
4,biagj001,Biagini,Joe,R,R,HOU,P
5,bielb001,Bielak,Brandon,L,R,HOU,P
6,branm003,Brantley,Michael,L,L,HOU,OF
7,brega001,Bregman,Alex,R,R,HOU,SS
8,casth002,Castellanos,Humberto,R,R,HOU,P
9,corrc001,Correa,Carlos,R,R,HOU,SS
10,dejoc001,De Jong,Chase,L,R,HOU,P
11,devec001,Devenski,Chris,R,R,HOU,P
12,diaza003,Diaz,Aledmys,R,R,HOU,SS
13,garcl007,Garcia,Luis,R,R,HOU,P
14,garnd001,Garneau,Dustin,R,R,HOU,C
15,greiz001,Greinke,Zack,R,R,HOU,P
16,gurry001,Gurriel,Yuli,R,R,HOU,3B
17,jamej002,James,Josh,R,R,HOU,P
18,javic001,Javier,Cristian,R,R,HOU,P
19,jonet005,Jones,Taylor,R,R,HOU,1B
20,maldm001,Maldonado,Martin,R,R,HOU,C
21,mayfj001,Mayfield,Jack,R,R,HOU,2B
22,mccul002,McCullers,Lance,L,R,HOU,P
23,osunr001,Osuna,Roberto,R,R,HOU,P
24,paree003,Paredes,Enoli,R,R,HOU,P
25,peacb001,Peacock,Brad,R,R,HOU,P
26,presr001,Pressly,Ryan,R,R,HOU,P
27,perec004,Perez,Cionel,L,L,HOU,P
28,raleb001,Raley,Brooks,L,L,HOU,P
29,reddj001,Reddick,Josh,L,R,HOU,OF
30,rodrn002,Rodriguez,Nivaldo,R,R,HOU,P
31,sanac001,Sanabria,Carlos,R,R,HOU,P
32,scrua001,Scrubb,Andre,R,R,HOU,P
33,sneec001,Sneed,Cy,R,R,HOU,P
34,sprig001,Springer,George,R,R,HOU,OF
35,stram002,Straw,Myles,R,R,HOU,OF
36,stubg001,Stubbs,Garrett,L,R,HOU,C
37,taylb004,Taylor,Blake,L,L,HOU,P
38,toroa001,Toro,Abraham,B,R,HOU,3B
39,tuckk001,Tucker,Kyle,L,R,HOU,OF
40,urquj001,Urquidy,Jose,R,R,HOU,P
41,valdf001,Valdez,Framber,L,L,HOU,P
42,verlj001,Verlander,Justin,R,R,HOU,P
0,adamc002,Adams,Chance,R,R,KCA,P
1,barls001,Barlow,Scott,R,R,KCA,P
2,blews001,Blewett,Scott,R,R,KCA,P
3,bolar001,Bolanos,Ronald,R,R,KCA,P
4,bubik001,Bubic,Kris,L,L,KCA,P
5,cordf003,Cordero,Franchy,L,R,KCA,OF
6,dozih001,Dozier,Hunter,R,R,KCA,OF
7,duffd001,Duffy,Danny,L,L,KCA,P
8,franm004,Franco,Maikel,R,R,KCA,3B
9,gallc001,Gallagher,Cam,R,R,KCA,C
10,gorda001,Gordon,Alex,L,R,KCA,OF
11,griff001,Griffin,Foster,R,L,KCA,P
12,gutik001,Gutierrez,Kelvin,R,R,KCA,3B
13,hahnj001,Hahn,Jesse,R,R,KCA,P
14,harvm001,Harvey,Matt,R,R,KCA,P
15,heatn002,Heath,Nick,L,L,KCA,OF
16,hernc006,Hernandez,Carlos,R,R,KCA,P
17,herno002,Hernandez,Oscar,R,R,KCA,C
18,hollg001,Holland,Greg,R,R,KCA,P
19,junij001,Junis,Jakob,R,R,KCA,P
20,kellb003,Keller,Brad,R,R,KCA,P
21,kenni001,Kennedy,Ian,R,R,KCA,P
22,lopej004,Lopez,Jorge,R,R,KCA,P
23,lopen001,Lopez,Nicky,L,R,KCA,SS
24,lover001,Lovelady,Richard,L,L,KCA,P
25,mcbrr001,McBroom,Ryan,R,L,KCA,1B
26,mccak002,McCarthy,Kevin,R,R,KCA,P
27,mejie001,Mejia,Erick,B,R,KCA,2B
28,merrw001,Merrifield,Whit,R,R,KCA,OF
29,mondr003,Mondesi,Adalberto,B,R,KCA,SS
30,montm002,Montgomery,Mike,L,L,KCA,P
31,newbj001,Newberry,Jake,R,R,KCA,P
32,ohear001,O'Hearn,Ryan,L,L,KCA,1B
33,olive001,Olivares,Edward,R,R,KCA,OF
34,peres002,Perez,Salvador,R,R,KCA,C
35,philb002,Phillips,Brett,L,R,KCA,OF
36,reynm003,Reynolds,Matt,R,R,KCA,SS
37,rosar002,Rosario,Randy,L,L,KCA,P
38,roset001,Rosenthal,Trevor,R,R,KCA,P
39,singb001,Singer,Brady,R,R,KCA,A
40,solej001,Soler,Jorge,R,R,KCA,OF
41,sparg001,Sparkman,Glenn,B,R,KCA,P
42,speig001,Speier,Gabe,L,L,KCA,P
43,starb001,Starling,Bubba,R,R,KCA,OF
44,stauj001,Staumont,Josh,R,R,KCA,P
45,vilom001,Viloria,Meibrys,L,R,KCA,C
46,zimmk001,Zimmer,Kyle,R,R,KCA,P
47,zubet001,Zuber,Tyler,R,R,KCA,P
0,alexs001,Alexander,Scott,L,L,LAN,P
1,baezp001,Baez,Pedro,R,R,LAN,P
2,barna001,Barnes,Austin,R,R,LAN,C
3,beatm001,Beaty,Matt,L,R,LAN,1B
4,bellc002,Bellinger,Cody,L,L,LAN,1B
5,bettm001,Betts,Mookie,R,R,LAN,OF
6,buehw001,Buehler,Walker,R,R,LAN,P
7,fergc001,Ferguson,Caleb,R,L,LAN,P
8,flord002,Floro,Dylan,L,R,LAN,P
9,gonst001,Gonsolin,Tony,R,R,LAN,P
10,gonzv001,Gonzalez,Victor,L,L,LAN,P
11,goret001,Gore,Terrance,R,R,LAN,OF
12,gratb002,Graterol,Brusdar,R,R,LAN,P
13,herne001,Hernandez,Enrique,R,R,LAN,OF
14,jansk001,Jansen,Kenley,B,R,LAN,P
15,kellj001,Kelly,Joe,R,R,LAN,P
16,kersc001,Kershaw,Clayton,L,L,LAN,P
17,kolaa001,Kolarek,Adam,L,L,LAN,P
18,lux-g001,Lux,Gavin,L,R,LAN,2B
19,may-d003,May,Dustin,R,R,LAN,P
20,mcgej001,McGee,Jake,L,L,LAN,P
21,mckiz001,McKinstry,Zach,L,R,LAN,2B
22,muncm001,Muncy,Max,L,R,LAN,1B
23,pedej001,Pederson,Joc,L,L,LAN,OF
24,polla001,Pollock,AJ,R,R,LAN,OF
25,riose001,Rios,Edwin,L,R,LAN,3B
26,ruizk001,Ruiz,Keibert,B,R,LAN,C
27,santd003,Santana,Dennis,R,R,LAN,P
28,sborj002,Sborz,Josh,R,R,LAN,P
29,seagc001,Seager,Corey,L,R,LAN,SS
30,smitw003,Smith,Will,R,R,LAN,C
31,strir001,Stripling,Ross,R,R,LAN,P
32,taylc001,Taylor,Chris,R,R,LAN,SS
33,treib001,Treinen,Blake,R,R,LAN,P
34,turnj001,Turner,Justin,R,R,LAN,3B
35,uriaj001,Urias,Julio,L,L,LAN,P
36,whitm004,White,Mitch,R,R,LAN,P
37,wooda002,Wood,Alex,R,L,LAN,P
0,aguij001,Aguilar,Jesus,R,R,MIA,1B
1,alcas001,Alcantara,Sandy,R,R,MIA,P
2,alfaj002,Alfaro,Jorge,R,R,MIA,C
3,alvae001,Alvarez,Eddy,B,R,MIA,SS
4,andeb006,Anderson,Brian,R,R,MIA,3B
5,bertj001,Berti,Jon,R,R,MIA,3B
6,bleir001,Bleier,Richard,L,L,MIA,P
7,boxbb001,Boxberger,Brad,R,R,MIA,P
8,brigj002,Brigham,Jeff,R,R,MIA,P
9,brinl001,Brinson,Lewis,R,R,MIA,OF
10,castd003,Castano,Daniel,L,L,MIA,P
11,cervf001,Cervelli,Francisco,R,R,MIA,C
12,chisj001,Chisholm,Jazz,L,R,MIA,SS
13,coopg002,Cooper,Garrett,R,R,MIA,1B
14,diazi001,Diaz,Isan,L,R,MIA,2B
15,diazl001,Diaz,Lewin,L,L,MIA,1B
16,dickc002,Dickerson,Corey,L,R,MIA,OF
17,duggr001,Dugger,Robert,R,R,MIA,P
18,eibnb001,Eibner,Brett,R,R,MIA,P
19,forsl001,Forsythe,Logan,R,R,MIA,2B
20,garcy001,Garcia,Yimi,R,R,MIA,P
21,garrb001,Garrett,Braxton,L,L,MIA,P
22,guzmj006,Guzman,Jorge,R,R,MIA,P
23,harrm003,Harrison,Monte,R,R,MIA,OF
24,herne002,Hernandez,Elieser,R,R,MIA,P
25,hollj002,Holloway,Jordan,R,R,MIA,P
26,hoytj001,Hoyt,James,R,R,MIA,P
27,joycm001,Joyce,Matt,L,R,MIA,OF
28,kintb001,Kintzler,Brandon,R,R,MIA,P
29,lavar001,Lavarnway,Ryan,R,R,MIA,C
30,leibb001,Leibrandt,Brandon,L,L,MIA,P
31,lopep002,Lopez,Pablo,L,R,MIA,P
32,marts002,Marte,Starling,R,R,MIA,OF
33,mejih001,Mejia,Humberto,R,R,MIA,P
34,morab001,Moran,Brian,L,L,MIA,P
35,morim002,Morin,Mike,R,R,MIA,P
36,navab001,Navarreto,Brian,R,R,MIA,C
37,neidn001,Neidert,Nick,R,R,MIA,P
38,quezj001,Quezada,Johan,R,R,MIA,P
39,ramih004,Ramirez,Harold,R,R,MIA,OF
40,rodrs002,Rodriguez,Sean,R,R,MIA,1B
41,roget003,Rogers,Trevor,L,L,MIA,P
42,rojam002,Rojas,Miguel,R,R,MIA,SS
43,sancj003,Sanchez,Jesus,L,R,MIA,OF
44,sancs001,Sanchez,Sixto,R,R,MIA,P
45,shafj001,Shafer,Justin,R,R,MIA,P
46,shars001,Sharp,Sterling,R,R,MIA,P
47,sierm002,Sierra,Magneuris,L,L,MIA,OF
48,smitc006,Smith,Caleb,R,L,MIA,P
49,smitj004,Smith,Josh A.,R,R,MIA,P
50,smitj006,Smith,Josh D.,L,L,MIA,P
51,stanr002,Stanek,Ryne,R,R,MIA,P
52,tarps001,Tarpley,Stephen,R,L,MIA,P
53,tinoj001,Tinoco,Jesus,R,R,MIA,P
54,urenj001,Urena,Jose,R,R,MIA,P
55,vendp001,Venditte,Pat,L,L,MIA,P
56,vesia001,Vesia,Alex,L,L,MIA,P
57,villj001,Villar,Jonathan,B,R,MIA,SS
58,vincn001,Vincent,Nick,R,R,MIA,P
59,wallc001,Wallach,Chad,R,R,MIA,C
60,yamaj001,Yamamoto,Jordan,R,R,MIA,P
0,andeb004,Anderson,Brett,L,L,MIL,P
1,arcio002,Arcia,Orlando,R,R,MIL,SS
2,bickp001,Bickford,Phil,R,R,MIL,P
3,blacr001,Black,Ray,R,R,MIL,P
4,braur002,Braun,Ryan,R,R,MIL,OF
5,burnc002,Burnes,Corbin,R,R,MIL,P
6,cainl001,Cain,Lorenzo,R,R,MIL,OF
7,claua001,Claudio,Alex,L,L,MIL,P
8,feyej001,Feyereisen,J.P.,R,R,MIL,P
9,freid001,Freitas,David,R,R,MIL,C
10,gameb001,Gamel,Ben,L,L,MIL,OF
11,garca003,Garcia,Avisail,R,R,MIL,OF
12,grimj002,Grimm,Justin,R,R,MIL,P
13,gyorj001,Gyorko,Jedd,R,R,MIL,2B
14,hadej001,Hader,Josh,L,L,MIL,P
15,healr001,Healy,Ryon,R,R,MIL,3B
16,hiurk001,Hiura,Keston,R,R,MIL,2B
17,holtb002,Holt,Brock,L,R,MIL,OF
18,housa001,Houser,Adrian,R,R,MIL,P
19,knebc001,Knebel,Corey,R,R,MIL,P
20,lauee001,Lauer,Eric,R,L,MIL,P
21,lindj004,Lindblom,Josh,R,R,MIL,P
22,mathm002,Mathias,Mark,R,R,MIL,2B
23,morrl001,Morrison,Logan,L,L,MIL,1B
24,narvo001,Narvaez,Omar,L,R,MIL,C
25,nottj001,Nottingham,Jacob,R,R,MIL,C
26,peraf001,Peralta,Freddy,R,R,MIL,P
27,perda001,Perdomo,Angel,L,L,MIL,P
28,petej002,Peterson,Jace,L,R,MIL,2B
29,pheld001,Phelps,David,R,R,MIL,P
30,pinam001,Pina,Manny,R,R,MIL,C
31,rasmd002,Rasmussen,Drew,R,R,MIL,P
32,smoaj001,Smoak,Justin,B,L,MIL,1B
33,sogae001,Sogard,Eric,L,R,MIL,2B
34,suteb001,Suter,Brent,L,L,MIL,P
35,taylt002,Taylor,Tyrone,R,R,MIL,OF
36,topaj001,Topa,Justin,R,R,MIL,P
37,urial001,Urias,Luis,R,R,MIL,2B
38,voged001,Vogelbach,Daniel,L,R,MIL,1B
39,wahlb001,Wahl,Bobby,R,R,MIL,P
40,willd004,Williams,Devin,R,R,MIL,P
41,woodb005,Woodruff,Brandon,L,R,MIL,P
42,yarde001,Yardley,Eric,R,R,MIL,P
43,yelic001,Yelich,Christian,L,R,MIL,OF
0,adrie001,Adrianza,Ehire,B,R,MIN,2B
1,alcaj001,Alcala,Jorge,R,R,MIN,P
2,arral001,Arraez,Luis,L,R,MIN,2B
3,astuw001,Astudillo,Willians,R,R,MIN,C
4,avila001,Avila,Alex,L,R,MIN,C
5,bailh001,Bailey,Homer,R,R,MIN,P
6,berrj001,Berrios,Jose,R,R,MIN,P
7,blant002,Blankenhorn,Travis,L,R,MIN,2B
8,buxtb001,Buxton,Byron,R,R,MIN,OF
9,cavej001,Cave,Jake,L,L,MIN,OF
10,clipt001,Clippard,Tyler,R,R,MIN,P
11,colie001,Colina,Edwar,R,R,MIN,P
12,could001,Coulombe,Danny,L,L,MIN,P
13,cruzn002,Cruz,Nelson,R,R,MIN,OF
14,dobnr001,Dobnak,Randy,R,R,MIN,P
15,donaj001,Donaldson,Josh,R,R,MIN,3B
16,dufft001,Duffey,Tyler,R,R,MIN,P
17,garvm001,Garver,Mitch,R,R,MIN,C
18,gearc001,Gearrin,Cory,R,R,MIN,P
19,gonzm002,Gonzalez,Marwin,B,R,MIN,1B
20,hillr001,Hill,Rich,L,L,MIN,P
21,jeffr002,Jeffers,Ryan,R,R,MIN,C
22,keplm001,Kepler,Max,L,L,MIN,OF
23,kiria001,Kirilloff,Alex,L,L,MIN,OF
24,littz001,Littell,Zack,R,R,MIN,P
25,maedk001,Maeda,Kenta,R,R,MIN,P
26,may-t001,May,Trevor,R,R,MIN,P
27,odorj001,Odorizzi,Jake,R,R,MIN,P
28,pinem001,Pineda,Michael,R,R,MIN,P
29,polaj001,Polanco,Jorge,B,R,MIN,SS
30,popps001,Poppen,Sean,R,R,MIN,P
31,roget001,Rogers,Taylor,L,L,MIN,P
32,romos001,Romo,Sergio,R,R,MIN,P
33,rookb001,Rooker,Brent,R,R,MIN,OF
34,rosae001,Rosario,Eddie,L,R,MIN,OF
35,sanom001,Sano,Miguel,R,R,MIN,DH
36,smeld001,Smeltzer,Devin,R,L,MIN,P
37,stasc001,Stashak,Cody,R,R,MIN,P
38,thiec001,Thielbar,Caleb,R,L,MIN,P
39,thorl002,Thorpe,Lewis,R,L,MIN,P
40,vargi001,Vargas,Ildemaro,B,R,MIN,2B
41,wadel001,Wade,LaMonte,L,L,MIN,OF
42,whita002,Whitefield,Aaron,R,R,MIN,OF
43,wislm001,Wisler,Matt,R,R,MIN,P
0,abrea001,Abreu,Albert,R,R,NYA,P
1,andum001,Andujar,Miguel,R,R,NYA,3B
2,avill001,Avilan,Luis,L,L,NYA,P
3,britz001,Britton,Zack,L,L,NYA,P
4,cessl001,Cessa,Luis,R,R,NYA,P
5,chapa001,Chapman,Aroldis,L,L,NYA,P
6,coleg001,Cole,Gerrit,R,R,NYA,P
7,estrt001,Estrada,Thairo,R,R,NYA,SS
8,flore001,Florial,Estevan,L,R,NYA,OF
9,fordm002,Ford,Mike,L,R,NYA,1B
10,frazc001,Frazier,Clint,R,R,NYA,OF
11,garcd003,Garcia,Deivi,R,R,NYA,P
12,gardb001,Gardner,Brett,L,L,NYA,OF
13,greec003,Green,Chad,L,R,NYA,P
14,haled001,Hale,David,R,R,NYA,P
15,happj001,Happ,J.A.,L,L,NYA,P
16,hellb001,Heller,Ben,R,R,NYA,P
17,hicka001,Hicks,Aaron,B,R,NYA,OF
18,higak001,Higashioka,Kyle,R,R,NYA,C
19,holdj002,Holder,Jonathan,R,R,NYA,P
20,judga001,Judge,Aaron,R,R,NYA,OF
21,kahnt001,Kahnle,Tommy,R,R,NYA,P
22,kingm002,King,Michael,R,R,NYA,P
23,krate001,Kratz,Erik,R,R,NYA,C
24,krisb001,Kriske,Brooks,R,R,NYA,P
25,lemad001,LeMahieu,DJ,R,R,NYA,2B
26,loaij001,Loaisiga,Jonathan,R,R,NYA,P
27,lyont001,Lyons,Tyler,L,L,NYA,P
28,mercj002,Mercer,Jordy,R,R,NYA,SS
29,montj004,Montgomery,Jordan,L,L,NYA,P
30,nelsn001,Nelson,Nick,R,R,NYA,P
31,ottaa001,Ottavino,Adam,B,R,NYA,P
32,paxtj001,Paxton,James,L,L,NYA,P
33,sancg002,Sanchez,Gary,R,R,NYA,C
34,schmc002,Schmidt,Clarke,R,R,NYA,P
35,stanm004,Stanton,Giancarlo,R,R,NYA,OF
36,tanam001,Tanaka,Masahiro,R,R,NYA,P
37,taucm001,Tauchman,Mike,L,L,NYA,OF
38,torrg001,Torres,Gleyber,R,R,NYA,2B
39,urshg001,Urshela,Gio,R,R,NYA,3B
40,voitl001,Voit,Luke,R,R,NYA,1B
41,wadet002,Wade,Tyler,L,R,NYA,P
42,yajum001,Yajure,Miguel,R,R,NYA,P
0,alonp001,Alonso,Pete,R,R,NYN,1B
1,betad001,Betances,Dellin,R,R,NYN,P
2,bracb001,Brach,Brad,R,R,NYN,P
3,canor001,Cano,Robinson,L,R,NYN,2B
4,castm002,Castro,Miguel,R,R,NYN,P
5,chirr001,Chirinos,Robinson,R,R,NYN,C
6,confm001,Conforto,Michael,L,R,NYN,OF
7,cordr001,Cordell,Ryan,R,R,NYN,OF
8,cespy001,Cespedes,Yoenis,R,R,NYN,OF
9,davij006,Davis,J.D.,R,R,NYN,3B
10,degrj001,deGrom,Jacob,L,R,NYN,P
11,diaze006,Diaz,Edwin,R,R,NYN,P
12,dozib001,Dozier,Brian,R,R,NYN,2B
13,famij001,Familia,Jeurys,R,R,NYN,P
14,frazt001,Frazier,Todd,R,R,NYN,3B
15,gimea001,Gimenez,Andres,L,R,NYN,SS
16,gselr001,Gsellman,Robert,R,R,NYN,P
17,guill001,Guillorme,Luis,L,R,NYN,SS
18,hamib001,Hamilton,Billy,B,R,NYN,OF
19,hereg002,Heredia,Guillermo,R,L,NYN,OF
20,hughj001,Hughes,Jared,R,R,NYN,P
21,juraa001,Jurado,Ariel,R,R,NYN,P
22,kilof001,Kilome,Franklyn,R,R,NYN,P
23,lagaj001,Lagares,Juan,R,R,NYN,OF
24,lockw001,Lockett,Walker,R,R,NYN,P
25,lugos001,Lugo,Seth,R,R,NYN,P
26,marij002,Marisnick,Jake,R,R,NYN,OF
27,matzs001,Matz,Steven,R,L,NYN,P
28,mcnej002,McNeil,Jeff,L,R,NYN,2B
29,nidot001,Nido,Tomas,R,R,NYN,C
30,nimmb001,Nimmo,Brandon,L,R,NYN,OF
31,nunee002,Nunez,Eduardo,R,R,NYN,SS
32,oswac001,Oswalt,Corey,R,R,NYN,P
33,peted003,Peterson,David,L,L,NYN,P
34,porcr001,Porcello,Rick,R,R,NYN,P
35,ramie004,Ramirez,Erasmo,R,R,NYN,P
36,ramow001,Ramos,Wilson,R,R,NYN,C
37,river003,Rivera,Rene,R,R,NYN,C
38,rosaa003,Rosario,Amed,R,R,NYN,SS
39,sanca009,Sanchez,Ali,R,R,NYN,C
40,sewap001,Sewald,Paul,R,R,NYN,P
41,shrec001,Shreve,Chasen,L,L,NYN,P
42,smitd008,Smith,Dominic,L,L,NYN,1B
43,smitd009,Smith,Drew,R,R,NYN,P
44,strih001,Strickland,Hunter,R,R,NYN,P
45,wachm001,Wacha,Michael,R,R,NYN,P
46,wilsj004,Wilson,Justin,L,L,NYN,P
0,allea001,Allen,Austin,L,R,OAK,C
1,barrf001,Barreto,Franklin,R,R,OAK,SS
2,bassc001,Bassitt,Chris,R,R,OAK,P
3,blacp001,Blackburn,Paul,R,R,OAK,P
4,brows003,Brown,Seth,L,L,OAK,1B
5,canhm001,Canha,Mark,R,R,OAK,OF
6,chapm001,Chapman,Matt,R,R,OAK,3B
7,davik003,Davis,Khris,R,R,OAK,OF
8,diekj001,Diekman,Jake,L,L,OAK,P
9,fierm001,Fiers,Mike,R,R,OAK,P
10,grosr001,Grossman,Robbie,B,L,OAK,OF
11,heimj001,Heim,Jonah,B,R,OAK,C
12,hendl001,Hendriks,Liam,R,R,OAK,P
13,jeffd001,Jefferies,Daulton,L,R,OAK,P
14,kaprj001,Kaprielian,James,R,R,OAK,P
15,kempt001,Kemp,Tony,L,R,OAK,OF
16,lastt001,La Stella,Tommy,L,R,OAK,2B
17,lambj001,Lamb,Jake,L,R,OAK,3B
18,laurr001,Laureano,Ramon,R,R,OAK,OF
19,luzaj001,Luzardo,Jesus,L,L,OAK,P
20,machv001,Machin,Vimael,L,R,OAK,2B
21,manas001,Manaea,Sean,R,L,OAK,P
22,mcfat001,McFarland,T.J.,L,L,OAK,P
23,mengd001,Mengden,Daniel,R,R,OAK,P
24,minom001,Minor,Mike,R,L,OAK,P
25,montf001,Montas,Frankie,R,R,OAK,P
26,murps001,Murphy,Sean,R,R,OAK,C
27,olsom001,Olson,Matt,L,R,OAK,1B
28,orf-n001,Orf,Nate,R,R,OAK,2B
29,petiy001,Petit,Yusmeiro,R,R,OAK,P
30,pindc001,Pinder,Chad,R,R,OAK,2B
31,piscs001,Piscotty,Stephen,R,R,OAK,OF
32,semim001,Semien,Marcus,R,R,OAK,SS
33,smitb005,Smith,Burch,R,R,OAK,P
34,sorij001,Soria,Joakim,R,R,OAK,P
35,trivl001,Trivino,Lou,R,R,OAK,P
36,weemj001,Weems,Jordan,L,R,OAK,P
37,wendj001,Wendelken,J.B.,R,R,OAK,P
0,alvaj003,Alvarez,Jose,L,L,PHI,P
1,arrij001,Arrieta,Jake,R,R,PHI,P
2,bohma001,Bohm,Alec,R,R,PHI,3B
3,brogc001,Brogdon,Connor,R,R,PHI,P
4,brucj001,Bruce,Jay,L,L,PHI,OF
5,cleag001,Cleavinger,Garrett,R,L,PHI,P
6,davia003,Davis,Austin,L,L,PHI,P
7,efliz001,Eflin,Zach,R,R,PHI,P
8,garlk001,Garlick,Kyle,R,R,PHI,OF
9,gossp001,Gosselin,Phil,R,R,PHI,2B
10,gregd001,Gregorius,Didi,L,R,PHI,SS
11,guerd001,Guerra,Deolis,R,R,PHI,P
12,haled001,Hale,David,R,R,PHI,P
13,harpb003,Harper,Bryce,L,R,PHI,OF
14,hasea001,Haseley,Adam,L,L,PHI,OF
15,hembh001,Hembree,Heath,R,R,PHI,P
16,hoskr001,Hoskins,Rhys,R,R,PHI,1B
17,howas003,Howard,Spencer,R,R,PHI,P
18,huntt002,Hunter,Tommy,R,R,PHI,P
19,irvic001,Irvin,Cole,L,L,PHI,P
20,kellt002,Kelley,Trevor,R,R,PHI,P
21,kings001,Kingery,Scott,R,R,PHI,2B
22,knapa001,Knapp,Andrew,B,R,PHI,C
23,llovm001,Llovera,Mauricio,R,R,PHI,P
24,marcr001,Marchan,Rafael,B,R,PHI,C
25,mcclr001,McClain,Reggie,R,R,PHI,P
26,mccua001,McCutchen,Andrew,R,R,PHI,OF
27,media001,Medina,Adonis,R,R,PHI,P
28,monim001,Moniak,Mickey,L,R,PHI,OF
29,morga001,Morgan,Adam,L,L,PHI,P
30,nerih001,Neris,Hector,R,R,PHI,P
31,nolaa001,Nola,Aaron,R,R,PHI,P
32,parkb001,Parker,Blake,R,R,PHI,P
33,pheld001,Phelps,David,R,R,PHI,P
34,piven001,Pivetta,Nick,R,R,PHI,P
35,quinr003,Quinn,Roman,B,R,PHI,OF
36,realj001,Realmuto,J.T.,R,R,PHI,C
37,romej002,Romero,JoJo,L,L,PHI,P
38,rossr003,Rosso,Ramon,R,R,PHI,P
39,seguj002,Segura,Jean,R,R,PHI,SS
40,suarr001,Suarez,Ranger,L,L,PHI,P
41,torrr001,Torreyes,Ronald,R,R,PHI,2B
42,velav001,Velasquez,Vince,R,R,PHI,P
43,walkn001,Walker,Neil,B,R,PHI,2B
44,wheez001,Wheeler,Zack,L,R,PHI,P
45,workb001,Workman,Brandon,R,R,PHI,P
0,alfoa002,Alford,Anthony,R,R,PIT,OF
1,basht001,Bashlor,Tyler,R,R,PIT,P
2,bellj005,Bell,Josh,B,R,PIT,1B
3,braus002,Brault,Steven,L,L,PIT,P
4,brubj001,Brubaker,JT,R,R,PIT,P
5,burdn001,Burdi,Nick,R,R,PIT,P
6,cedeb001,Cederlind,Blake,R,R,PIT,P
7,craiw001,Craig,Will,R,R,PIT,1B
8,crick001,Crick,Kyle,L,R,PIT,P
9,davia003,Davis,Austin,L,L,PIT,P
10,delpm001,Del Pozo,Miguel,L,L,PIT,P
11,dysoj001,Dyson,Jarrod,L,R,PIT,OF
12,erlir001,Erlin,Robbie,R,L,PIT,P
13,evanp001,Evans,Phillip,R,R,PIT,3B
14,felim001,Feliz,Michael,R,R,PIT,P
15,fraza001,Frazier,Adam,L,R,PIT,OF
16,gonze004,Gonzalez,Erik,R,R,PIT,SS
17,hartg001,Hartlieb,Geoff,R,R,PIT,P
18,hayek001,Hayes,Ke'Bryan,R,R,PIT,3B
19,hereg002,Heredia,Guillermo,R,L,PIT,OF
20,holld003,Holland,Derek,B,L,PIT,P
21,holmc001,Holmes,Clay,R,R,PIT,P
22,howas002,Howard,Sam,R,L,PIT,P
23,kelak001,Kela,Keone,R,R,PIT,P
24,kellm003,Keller,Mitch,R,R,PIT,P
25,kuhlc001,Kuhl,Chad,R,R,PIT,P
26,martj009,Martin,Jason,L,R,PIT,OF
27,mearn001,Mears,Nick,R,R,PIT,P
28,morac001,Moran,Colin,L,R,PIT,3B
29,murpj001,Murphy,John Ryan,R,R,PIT,C
30,musgj001,Musgrove,Joe,R,R,PIT,P
31,neved001,Neverauskas,Dovydas,R,R,PIT,P
32,newmk001,Newman,Kevin,R,R,PIT,2B
33,olivj003,Oliva,Jared,R,R,PIT,OF
34,osunj001,Osuna,Jose,R,R,PIT,OF
35,polag001,Polanco,Gregory,L,L,PIT,OF
36,poncc002,Ponce,Cody,R,R,PIT,P
37,reynb001,Reynolds,Bryan,B,R,PIT,OF
38,riddj001,Riddle,JT,L,R,PIT,SS
39,riosy001,Rios,Yacksel,R,R,PIT,P
40,rodrr008,Rodriguez,Richard,R,R,PIT,P
41,stalj001,Stallings,Jacob,R,R,PIT,C
42,strac001,Stratton,Chris,R,R,PIT,P
43,susaa001,Susac,Andrew,R,R,PIT,C
44,tropn001,Tropeano,Nick,R,R,PIT,P
45,tuckc001,Tucker,Cole,B,R,PIT,SS
46,turln001,Turley,Nik,L,L,PIT,P
47,waddb001,Waddell,Brandon,L,L,PIT,P
48,willt002,Williams,Trevor,R,R,PIT,P
0,adama002,Adams,Austin,R,R,SDN,P
1,alleg002,Allen,Greg,B,R,SDN,OF
2,almoa001,Almonte,Abraham,B,R,SDN,OF
3,altad001,Altavilla,Dan,R,R,SDN,P
4,bednd001,Bednar,David,L,R,SDN,P
5,baezm001,Baez,Michel,R,R,SDN,P
6,campl002,Campusano,Luis,R,R,SDN,C
7,castj006,Castro,Jason,L,R,SDN,C
8,clevm001,Clevinger,Mike,R,R,SDN,P
9,cronj001,Cronenworth,Jake,L,R,SDN,SS
10,daviz001,Davies,Zach,R,R,SDN,P
11,frant002,France,Ty,R,R,SDN,3B
12,garcg002,Garcia,Greg,L,R,SDN,SS
13,grist001,Grisham,Trent,L,L,SDN,OF
14,guerj004,Guerra,Javy,L,R,SDN,P
15,hedga001,Hedges,Austin,R,R,SDN,C
16,hillt002,Hill,Tim,R,L,SDN,P
17,hosme001,Hosmer,Eric,L,L,SDN,1B
18,johnp001,Johnson,Pierce,R,R,SDN,P
19,lamed001,Lamet,Dinelson,R,R,SDN,P
20,luccj001,Lucchesi,Joey,L,L,SDN,P
21,machm001,Machado,Manny,R,R,SDN,3B
22,matej003,Mateo,Jorge,R,R,SDN,SS
23,mejif001,Mejia,Francisco,B,R,SDN,C
24,morea001,Morejon,Adrian,L,L,SDN,P
25,morem001,Moreland,Mitch,L,L,SDN,1B
26,myerw001,Myers,Wil,R,R,SDN,OF
27,naylj001,Naylor,Josh,L,L,SDN,OF
28,nolaa002,Nola,Austin,R,R,SDN,1B
29,olive001,Olivares,Edward,R,R,SDN,OF
30,ona-j001,Ona,Jorge,R,R,SDN,OF
31,paddc001,Paddack,Chris,R,R,SDN,P
32,pagae001,Pagan,Emilio,L,R,SDN,P
33,patil001,Patino,Luis,R,R,SDN,P
34,perdl002,Perdomo,Luis,R,R,SDN,P
35,phamt001,Pham,Tommy,R,R,SDN,OF
36,pomed001,Pomeranz,Drew,R,L,SDN,P
37,profj001,Profar,Jurickson,B,R,SDN,2B
38,quanc001,Quantrill,Cal,L,R,SDN,P
39,richg002,Richards,Garrett,R,R,SDN,P
40,roset001,Rosenthal,Trevor,R,R,SDN,P
41,stamc001,Stammen,Craig,R,R,SDN,P
42,stram001,Strahm,Matt,R,L,SDN,P
43,tatif002,Tatis,Fernando,R,R,SDN,SS
44,torrl001,Torrens,Luis,R,R,SDN,C
45,weatr001,Weathers,Ryan,R,L,SDN,P
46,willt003,Williams,Taylor,B,R,SDN,P
47,yatek001,Yates,Kirby,L,R,SDN,P
0,altad001,Altavilla,Dan,R,R,SEA,P
1,bishb001,Bishop,Braden,R,R,SEA,OF
2,brenb003,Brennan,Brandon,R,R,SEA,P
3,cortn001,Cortes,Nestor,R,L,SEA,P
4,crawj002,Crawford,J.P.,L,R,SEA,SS
5,dunnj002,Dunn,Justin,R,R,SEA,P
6,edwac001,Edwards,Carl,R,R,SEA,P
7,ervip001,Ervin,Phillip,R,R,SEA,OF
8,fleta001,Fletcher,Aaron,L,L,SEA,P
9,fralj001,Fraley,Jake,L,L,SEA,OF
10,frant002,France,Ty,R,R,SEA,3B
11,frans001,Frankoff,Seth,R,R,SEA,P
12,gerbj001,Gerber,Joey,R,R,SEA,P
13,gonzm005,Gonzales,Marco,L,L,SEA,P
14,gordd002,Gordon,Dee,L,R,SEA,2B
15,gravk001,Graveman,Kendall,R,R,SEA,P
16,grotz001,Grotz,Zac,R,R,SEA,P
17,guilt001,Guilbeau,Taylor,L,L,SEA,P
18,haggs001,Haggerty,Sam,B,R,SEA,2B
19,hiray001,Hirano,Yoshihisa,R,R,SEA,P
20,hudsj002,Hudson,Joe,R,R,SEA,C
21,kikuy001,Kikuchi,Yusei,L,L,SEA,P
22,lailb001,Lail,Brady,R,R,SEA,P
23,lewik001,Lewis,Kyle,R,R,SEA,OF
24,lockw001,Lockett,Walker,R,R,SEA,P
25,longs001,Long,Shed,L,R,SEA,2B
26,lopet001,Lopes,Tim,R,R,SEA,2B
27,magim001,Magill,Matt,R,R,SEA,P
28,margn001,Margevicius,Nick,L,L,SEA,P
29,marmj001,Marmolejos,Jose,L,L,SEA,1B
30,misia001,Misiewicz,Anthony,R,L,SEA,P
31,moord002,Moore,Dylan,R,R,SEA,3B
32,newsl001,Newsome,Ljay,R,R,SEA,P
33,nolaa002,Nola,Austin,R,R,SEA,1B
34,odomj001,Odom,Joseph,R,R,SEA,C
35,ramiy002,Ramirez,Yohan,R,R,SEA,P
36,sadlc002,Sadler,Casey,R,R,SEA,P
37,seagk001,Seager,Kyle,L,R,SEA,3B
38,shawb001,Shaw,Bryan,B,R,SEA,P
39,shefj001,Sheffield,Justus,L,L,SEA,P
40,smitm007,Smith,Mallex,L,R,SEA,OF
41,swane001,Swanson,Erik,R,R,SEA,P
42,torrl001,Torrens,Luis,R,R,SEA,C
43,voged001,Vogelbach,Daniel,L,R,SEA,1B
44,walkt004,Walker,Taijuan,R,R,SEA,P
45,waltd002,Walton,Donovan,L,R,SEA,2B
46,willt003,Williams,Taylor,B,R,SEA,P
47,white005,White,Evan,R,L,SEA,1B
48,yacaj001,Yacabonis,Jimmy,R,R,SEA,P
0,andes002,Anderson,Shaun,R,R,SFN,P
1,andet002,Anderson,Tyler,L,L,SFN,P
2,barac001,Baragar,Caleb,R,L,SFN,P
3,bartj003,Bart,Joey,R,R,SFN,C
4,basal001,Basabe,Luis Alexander,B,R,SFN,OF
5,beltb001,Belt,Brandon,L,L,SFN,1B
6,branr002,Brantly,Rob,L,R,SFN,C
7,cahit001,Cahill,Trevor,R,R,SFN,P
8,coons001,Coonrod,Sam,R,R,SFN,P
9,crawb001,Crawford,Brandon,L,R,SFN,SS
10,cuetj001,Cueto,Johnny,R,R,SFN,P
11,davij008,Davis,Jaylin,R,R,SFN,OF
12,dicka001,Dickerson,Alex,L,L,SFN,OF
13,dubom001,Dubon,Mauricio,R,R,SFN,SS
14,duggs001,Duggar,Steven,L,R,SFN,OF
15,florw001,Flores,Wilmer,R,R,SFN,SS
16,garcj006,Garcia,Jarlin,L,L,SFN,P
17,garcr006,Garcia,Rico,R,R,SFN,P
18,gausk001,Gausman,Kevin,L,R,SFN,P
19,gottt001,Gott,Trevor,R,R,SFN,P
20,heint001,Heineman,Tyler,B,R,SFN,C
21,jimed002,Jimenez,Dany,R,R,SFN,P
22,longe001,Longoria,Evan,R,R,SFN,3B
23,mccaj002,McCarthy,Joe,L,L,SFN,OF
24,menec001,Menez,Conner,L,L,SFN,P
25,pench001,Pence,Hunter,R,R,SFN,OF
26,peraw002,Peralta,Wandy,L,L,SFN,P
27,rickj001,Rickard,Joey,R,L,SFN,OF
28,robed004,Robertson,Daniel,R,R,SFN,SS
29,rodrd001,Rodriguez,Dereck,R,R,SFN,P
30,roget002,Rogers,Tyler,R,R,SFN,P
31,ruf-d001,Ruf,Darin,R,R,SFN,1B
32,samaj001,Samardzija,Jeff,R,R,SFN,P
33,sandp001,Sandoval,Pablo,B,R,SFN,3B
34,selms001,Selman,Sam,R,L,SFN,P
35,slata001,Slater,Austin,R,R,SFN,OF
36,smoaj001,Smoak,Justin,B,L,SFN,1B
37,smyld001,Smyly,Drew,L,L,SFN,P
38,solad001,Solano,Donovan,R,R,SFN,2B
39,suara002,Suarez,Andrew,L,L,SFN,P
40,triga001,Triggs,Andrew,R,R,SFN,P
41,tromc001,Tromp,Chadwick,R,R,SFN,C
42,watst001,Watson,Tony,L,L,SFN,P
43,webbl001,Webb,Logan,R,R,SFN,P
44,yastm001,Yastrzemski,Mike,L,L,SFN,OF
0,badeh001,Bader,Harrison,R,R,SLN,OF
1,cabrg001,Cabrera,Genesis,L,L,SLN,P
2,carld002,Carlson,Dylan,B,L,SLN,OF
3,carpm002,Carpenter,Matt,L,R,SLN,3B
4,crisn001,Crismatt,Nabil,R,R,SLN,P
5,cruzj006,Cruz,Jesus,R,R,SLN,P
6,dejop001,DeJong,Paul,R,R,SLN,3B
7,deana001,Dean,Austin,R,R,SLN,OF
8,edmat001,Edman,Tommy,B,R,SLN,SS
9,elles001,Elledge,Seth,R,R,SLN,P
10,fernj006,Fernandez,Junior,R,R,SLN,P
11,flahj002,Flaherty,Jack,R,R,SLN,P
12,fowld001,Fowler,Dexter,B,R,SLN,OF
13,gallg001,Gallegos,Giovanny,R,R,SLN,P
14,gantj002,Gant,John,R,R,SLN,P
15,goldp001,Goldschmidt,Paul,R,R,SLN,1B
16,gomba001,Gomber,Austin,L,L,SLN,P
17,helsr001,Helsley,Ryan,R,R,SLN,P
18,hudsd002,Hudson,Dakota,R,R,SLN,P
19,kamir001,Kaminsky,Rob,R,L,SLN,P
20,kim-k001,Kim,Kwang Hyun,L,L,SLN,P
21,kniza001,Knizner,Andrew,R,R,SLN,C
22,martc006,Martinez,Carlos,R,R,SLN,P
23,meisr001,Meisinger,Ryan,R,R,SLN,P
24,milla002,Miller,Andrew,L,L,SLN,P
25,millb002,Miller,Brad,L,R,SLN,SS
26,moliy001,Molina,Yadier,R,R,SLN,C
27,nogoj001,Nogowski,John,R,L,SLN,1B
28,oneit001,O'Neill,Tyler,R,R,SLN,OF
29,oviej001,Oviedo,Johan,R,R,SLN,P
30,poncd001,Ponce de Leon,Daniel,R,R,SLN,P
31,ramir005,Ramirez,Roel,R,R,SLN,P
32,raver001,Ravelo,Rangel,R,R,SLN,1B
33,reyea004,Reyes,Alex,R,R,SLN,P
34,sancr003,Sanchez,Ricardo,L,L,SLN,P
35,schrm001,Schrock,Max,L,R,SLN,2B
36,thoml002,Thomas,Lane,R,R,SLN,OF
37,waina001,Wainwright,Adam,R,R,SLN,P
38,webbt001,Webb,Tyler,L,L,SLN,P
39,whitk001,Whitley,Kodi,R,R,SLN,P
40,wietm001,Wieters,Matt,B,R,SLN,C
41,willj006,Williams,Justin,L,R,SLN,OF
42,wongk001,Wong,Kolten,L,R,SLN,2B
43,woodj003,Woodford,Jake,R,R,SLN,P
0,adamw002,Adames,Willy,R,R,TBA,SS
1,alvaj004,Alvarado,Jose,L,L,TBA,P
2,anden001,Anderson,Nick,R,R,TBA,P
3,arozr001,Arozarena,Randy,R,R,TBA,OF
4,banda001,Banda,Anthony,L,L,TBA,P
5,beekj001,Beeks,Jalen,L,L,TBA,P
6,brosm001,Brosseau,Mike,R,R,TBA,3B
7,castd002,Castillo,Diego,R,R,TBA,P
8,chiry001,Chirinos,Yonny,R,R,TBA,P
9,choij001,Choi,Ji-Man,L,R,TBA,OF
10,curtj003,Curtiss,John,R,R,TBA,P
11,drako001,Drake,Oliver,R,R,TBA,P
12,diazy001,Diaz,Yandy,R,R,TBA,OF
13,fairp001,Fairbanks,Pete,R,R,TBA,P
14,flemj001,Fleming,Josh,R,L,TBA,P
15,garce001,Garcia,Edgar,R,R,TBA,P
16,gilms001,Gilmartin,Sean,L,L,TBA,P
17,glast001,Glasnow,Tyler,L,R,TBA,P
18,kierk001,Kiermaier,Kevin,L,R,TBA,OF
19,kitta001,Kittredge,Andrew,R,R,TBA,P
20,loupa001,Loup,Aaron,L,L,TBA,P
21,loweb001,Lowe,Brandon,L,R,TBA,2B
22,lowen001,Lowe,Nate,L,R,TBA,1B
23,margm001,Margot,Manuel,R,R,TBA,OF
24,martj008,Martinez,Jose,R,R,TBA,OF
25,mccls003,McClanahan,Shane,L,L,TBA,P
26,meada001,Meadows,Austin,L,L,TBA,OF
27,mortc002,Morton,Charlie,R,R,TBA,P
28,ograb001,O'Grady,Brian,L,R,TBA,1B
29,perem005,Perez,Michael,L,R,TBA,C
30,philb002,Phillips,Brett,L,R,TBA,OF
31,reedc002,Reed,Cody,L,L,TBA,P
32,renfh001,Renfroe,Hunter,R,R,TBA,OF
33,richt001,Richards,Trevor,R,R,TBA,P
34,roe-c001,Roe,Chaz,R,R,TBA,P
35,sherr001,Sherriff,Ryan,L,L,TBA,P
36,slega001,Slegers,Aaron,R,R,TBA,P
37,smitk002,Smith,Kevan,R,R,TBA,C
38,snelb001,Snell,Blake,L,L,TBA,P
39,thomr007,Thompson,Ryan,R,R,TBA,P
40,tsuty001,Tsutsugo,Yoshi,L,R,TBA,OF
41,wendj002,Wendle,Joey,L,R,TBA,2B
42,yarbr001,Yarbrough,Ryan,R,L,TBA,P
43,zunim001,Zunino,Mike,R,R,TBA,C
0,allak001,Allard,Kolby,L,L,TEX,P
1,andre001,Andrus,Elvis,R,R,TEX,SS
2,aposs001,Apostel,Sherten,R,R,TEX,3B
3,benjw001,Benjamin,Wes,R,L,TEX,P
4,calhw001,Calhoun,Willie,L,R,TEX,OF
5,chavj001,Chavez,Jesse,R,R,TEX,P
6,chirr001,Chirinos,Robinson,R,R,TEX,C
7,choos001,Choo,Shin-Soo,L,L,TEX,OF
8,codyk001,Cody,Kyle,R,R,TEX,P
9,dietd001,Dietrich,Derek,L,R,TEX,OF
10,evand003,Evans,Demarcus,R,R,TEX,P
11,farrl001,Farrell,Luke,L,R,TEX,P
12,frazt001,Frazier,Todd,R,R,TEX,3B
13,gallj002,Gallo,Joey,L,R,TEX,OF
14,garca005,Garcia,Adolis,R,R,TEX,OF
15,garcl005,Garcia,Luis,R,R,TEX,P
16,gibai001,Gibaut,Ian,R,R,TEX,P
17,gibsk002,Gibson,Kyle,R,R,TEX,P
18,goodn001,Goody,Nick,R,R,TEX,P
19,guzmr001,Guzman,Ronald,L,L,TEX,1B
20,heart001,Hearn,Taylor,L,L,TEX,P
21,heins001,Heineman,Scott,R,R,TEX,OF
22,hergj001,Herget,Jimmy,R,R,TEX,P
23,hernj004,Hernandez,Jonathan,R,R,TEX,P
24,huffs001,Huff,Sam,R,R,TEX,C
25,kinei001,Kiner-Falefa,Isiah,R,R,TEX,3B
26,kingj002,King,John,L,L,TEX,P
27,klubc001,Kluber,Corey,R,R,TEX,P
28,leclj001,Leclerc,Jose,R,R,TEX,P
29,lylej001,Lyles,Jordan,R,R,TEX,P
30,lynnl001,Lynn,Lance,B,R,TEX,P
31,martb002,Martin,Brett,L,L,TEX,P
32,mathj001,Mathis,Jeff,R,R,TEX,C
33,minom001,Minor,Mike,R,L,TEX,P
34,montr004,Montero,Rafael,R,R,TEX,P
35,nicaj001,Nicasio,Juan,R,R,TEX,P
36,odorr001,Odor,Rougned,L,R,TEX,2B
37,paluj001,Palumbo,Joe,L,L,TEX,P
38,refsr001,Refsnyder,Rob,R,R,TEX,2B
39,rivey001,Rivera,Yadiel,R,R,TEX,2B
40,rodrj004,Rodriguez,Joely,L,L,TEX,P
41,romia001,Romine,Andrew,B,R,TEX,3B
42,santd001,Santana,Danny,B,R,TEX,OF
43,solan001,Solak,Nick,R,R,TEX,2B
44,tavel001,Taveras,Leody,B,R,TEX,OF
45,tejea001,Tejeda,Anderson,B,R,TEX,SS
46,trevj001,Trevino,Jose,R,R,TEX,C
47,volqe001,Volquez,Edinson,R,R,TEX,P
48,white006,White,Eli,R,R,TEX,2B
0,alfoa002,Alford,Anthony,R,R,TOR,OF
1,andec001,Anderson,Chase,R,R,TOR,P
2,bassa001,Bass,Anthony,R,R,TOR,P
3,bergt001,Bergen,Travis,L,L,TOR,P
4,bichb001,Bichette,Bo,R,R,TOR,SS
5,biggc002,Biggio,Cavan,L,R,TOR,2B
6,borur001,Borucki,Ryan,L,L,TOR,P
7,colea002,Cole,A.J.,R,R,TOR,P
8,davij007,Davis,Jonathan,R,R,TOR,OF
9,dolir001,Dolis,Rafael,R,R,TOR,P
10,drurb001,Drury,Brandon,R,R,TOR,3B
11,espis001,Espinal,Santiago,R,R,TOR,2B
12,fishd001,Fisher,Derek,L,R,TOR,OF
13,fontw001,Font,Wilmer,R,R,TOR,P
14,gavis001,Gaviglio,Sam,R,R,TOR,P
15,gilek001,Giles,Ken,R,R,TOR,P
16,gricr001,Grichuk,Randal,R,R,TOR,OF
17,guerv002,Guerrero,Vladimir,R,R,TOR,3B
18,gurrl001,Gurriel,Lourdes,R,R,TOR,2B
19,hatct001,Hatch,Thomas,R,R,TOR,P
20,hernt002,Hernandez,Teoscar,R,R,TOR,OF
21,jansd001,Jansen,Danny,R,R,TOR,C
22,josec002,Joseph,Caleb,R,R,TOR,C
23,kay-a001,Kay,Anthony,L,L,TOR,P
24,kirka001,Kirk,Alejandro,R,R,TOR,C
25,mcgur002,McGuire,Reese,L,R,TOR,C
26,mckib001,McKinney,Billy,L,L,TOR,OF
27,merrj001,Merryweather,Julian,R,R,TOR,P
28,morab001,Moran,Brian,L,L,TOR,P
29,murpp001,Murphy,Patrick,R,R,TOR,P
30,panij002,Panik,Joe,L,R,TOR,2B
31,pearn001,Pearson,Nate,R,R,TOR,P
32,pereh002,Perez,Hector,R,R,TOR,P
33,ray-r002,Ray,Robbie,L,L,TOR,P
34,reids001,Reid-Foley,Sean,R,R,TOR,P
35,roart001,Roark,Tanner,R,R,TOR,P
36,romaj004,Romano,Jordan,R,R,TOR,P
37,ryu-h001,Ryu,Hyun Jin,R,L,TOR,P
38,shawt001,Shaw,Travis,L,R,TOR,1B
39,shoem001,Shoemaker,Matt,R,R,TOR,P
40,strir001,Stripling,Ross,R,R,TOR,P
41,tellr001,Tellez,Rowdy,L,L,TOR,1B
42,thort002,Thornton,Trent,R,R,TOR,P
43,villj001,Villar,Jonathan,B,R,TOR,SS
44,voged001,Vogelbach,Daniel,L,R,TOR,1B
45,waguj001,Waguespack,Jacob,R,R,TOR,P
46,walkt004,Walker,Taijuan,R,R,TOR,P
47,yamas001,Yamaguchi,Shun,R,R,TOR,P
48,zeuct001,Zeuch,T.J.,R,R,TOR,P
0,bacud001,Bacus,Dakota,R,R,WAS,P
1,barra001,Barrett,Aaron,R,R,WAS,P
2,bonie001,Bonifacio,Emilio,B,R,WAS,2B
3,bourj003,Bourque,James,R,R,WAS,P
4,brayb002,Braymer,Ben,L,L,WAS,P
5,cabra002,Cabrera,Asdrubal,B,R,WAS,SS
6,casts001,Castro,Starlin,R,R,WAS,SS
7,corbp001,Corbin,Patrick,L,L,WAS,P
8,croww001,Crowe,Wil,R,R,WAS,P
9,difow001,Difo,Wilmer,B,R,WAS,2B
10,dools001,Doolittle,Sean,L,L,WAS,P
11,eatoa002,Eaton,Adam,L,L,WAS,OF
12,espip001,Espino,Paolo,R,R,WAS,P
13,fedde001,Fedde,Erick,R,R,WAS,P
14,finnk001,Finnegan,Kyle,R,R,WAS,P
15,frees001,Freeman,Sam,R,L,WAS,P
16,garcl006,Garcia,Luis,L,R,WAS,SS
17,gomey001,Gomes,Yan,R,R,WAS,C
18,guerj002,Guerra,Javy,R,R,WAS,P
19,harpr001,Harper,Ryne,R,R,WAS,P
20,harrw002,Harris,Will,R,R,WAS,P
21,harrj002,Harrison,Josh,R,R,WAS,3B
22,herny002,Hernandez,Yadiel,L,R,WAS,OF
23,holtb002,Holt,Brock,L,R,WAS,OF
24,hudsd001,Hudson,Daniel,R,R,WAS,P
25,kendh001,Kendrick,Howie,R,R,WAS,2B
26,kiebc001,Kieboom,Carter,R,R,WAS,SS
27,mcgok002,McGowin,Kyle,R,R,WAS,P
28,nollj001,Noll,Jake,R,R,WAS,3B
29,raint003,Rainey,Tanner,R,R,WAS,P
30,roblv001,Robles,Victor,R,R,WAS,OF
31,romes002,Romero,Seth,L,L,WAS,P
32,sanca004,Sanchez,Anibal,R,R,WAS,P
33,schem001,Scherzer,Max,R,R,WAS,P
34,sotoj001,Soto,Juan,L,L,WAS,OF
35,steva001,Stevenson,Andrew,L,L,WAS,OF
36,stras001,Strasburg,Stephen,R,R,WAS,P
37,suerw002,Suero,Wander,R,R,WAS,P
38,suzuk001,Suzuki,Kurt,R,R,WAS,C
39,taylm002,Taylor,Michael A.,R,R,WAS,OF
40,thame001,Thames,Eric,L,R,WAS,OF
41,turnt001,Turner,Trea,R,R,WAS,SS
42,votha001,Voth,Austin,R,R,WAS,P
